TICKER,QUARTER,COMMENTARY,GENERATED_DATE,MODEL
SSI,1Q25,"SSI's financial performance in 1Q25 reflects strong growth and profitability, highlighted by a 51.9% revenue growth and a significant 92.5% profit growth compared to 4Q24. The firm's key income drivers were Net Trading Income, contributing 721.6B VND, and Net Investment Income, accounting for 807.0B VND, which together made up a substantial portion of the total operating income of 1.5T VND. 

Net Brokerage Income was relatively lower at 62.9B VND, indicating a potential area for improvement in client acquisition and retention strategies. The profitability ratios, with an ROA of 1.07% and an ROE of 3.10%, suggest that the firm is effectively utilizing its assets and equity to generate profits.

The cost efficiency of the firm appears favorable, considering the Profit Before Tax (PBT) of 1.0T VND against Sales, General & Administrative (SGA) costs of -53.3B VND. This indicates an effective cost management strategy in place, leading to higher profit margins.

The firm's balance sheet remains healthy with total assets of 84.0T VND and a manageable borrowing balance of 55.2T VND, offering a degree of security to investors. However, the relatively high borrowing balance compared to total equity of 27.7T VND might be a potential area of concern.

Looking ahead, SSI seems well-positioned in the Vietnamese brokerage market, given its strong quarterly performance. However, it should further leverage its brokerage services to diversify its revenue streams. Overall, investors can consider the firm a profitable investment, but they should carefully monitor the firm's debt levels. Further, the firm should continue its cost management strategies to sustain profitability.",2025-10-05T00:06:26.723226,gpt-4
